Insert into SPECIALITY (SPECIALITYID,LABEL) values ('03','Génie-Civil');
Insert into SPECIALITY (SPECIALITYID,LABEL) values ('01','Informatique');
Insert into SPECIALITY (SPECIALITYID,LABEL) values ('02','Télécommunication ');
Insert into SPECIALITY (SPECIALITYID,LABEL) values ('04','Electromecanique');
Insert into SPECIALITY (SPECIALITYID,LABEL) values ('05','Tronc commun Info-Telecom');
Insert into SPECIALITY (SPECIALITYID,LABEL) values ('07','Tronc Commun  EM-GC');

Insert into DEPARTMENT (DEPARTMENETID,LABEL) values ('02','TIC-TC');
Insert into DEPARTMENT (DEPARTMENETID,LABEL) values ('05','EM');
Insert into DEPARTMENT (DEPARTMENETID,LABEL) values ('06','GC');
Insert into DEPARTMENT (DEPARTMENETID,LABEL) values ('04','TIC-SysRésTél');
Insert into DEPARTMENT (DEPARTMENETID,LABEL) values ('01','CoGED');
Insert into DEPARTMENT (DEPARTMENETID,LABEL) values ('03','TIC-SI');

Insert into DEPARTMENT_UP (DEPARTMENTENTITY_DEPARTMENETID,UP) values ('02','UP_MATH');
Insert into DEPARTMENT_UP (DEPARTMENTENTITY_DEPARTMENETID,UP) values ('02','UP_GL_BD');
Insert into DEPARTMENT_UP (DEPARTMENTENTITY_DEPARTMENETID,UP) values ('02','UP_WEB');
Insert into DEPARTMENT_UP (DEPARTMENTENTITY_DEPARTMENETID,UP) values ('02','UP_TELECOM');
Insert into DEPARTMENT_UP (DEPARTMENTENTITY_DEPARTMENETID,UP) values ('02','UP_ALGO');
Insert into DEPARTMENT_UP (DEPARTMENTENTITY_DEPARTMENETID,UP) values ('05','UP-AS');
Insert into DEPARTMENT_UP (DEPARTMENTENTITY_DEPARTMENETID,UP) values ('05','UP-MEC');
Insert into DEPARTMENT_UP (DEPARTMENTENTITY_DEPARTMENETID,UP) values ('05','UP_LANGUE');
Insert into DEPARTMENT_UP (DEPARTMENTENTITY_DEPARTMENETID,UP) values ('05','UP-PI');
Insert into DEPARTMENT_UP (DEPARTMENTENTITY_DEPARTMENETID,UP) values ('05','UP-2E');
Insert into DEPARTMENT_UP (DEPARTMENTENTITY_DEPARTMENETID,UP) values ('05','UP-GE');
Insert into DEPARTMENT_UP (DEPARTMENTENTITY_DEPARTMENETID,UP) values ('05','UP-GM');
Insert into DEPARTMENT_UP (DEPARTMENTENTITY_DEPARTMENETID,UP) values ('06','UP-MEC');
Insert into DEPARTMENT_UP (DEPARTMENTENTITY_DEPARTMENETID,UP) values ('06','UP-GC');
Insert into DEPARTMENT_UP (DEPARTMENTENTITY_DEPARTMENETID,UP) values ('04','UP_TELECOM');
Insert into DEPARTMENT_UP (DEPARTMENTENTITY_DEPARTMENETID,UP) values ('04','UP-TEL-EMB');
Insert into DEPARTMENT_UP (DEPARTMENTENTITY_DEPARTMENETID,UP) values ('04','UP_RESEAUX');
Insert into DEPARTMENT_UP (DEPARTMENTENTITY_DEPARTMENETID,UP) values ('04','UP_SYSTEME');
Insert into DEPARTMENT_UP (DEPARTMENTENTITY_DEPARTMENETID,UP) values ('04','UP_EMB');
Insert into DEPARTMENT_UP (DEPARTMENTENTITY_DEPARTMENETID,UP) values ('01','UP_LANGUE');
Insert into DEPARTMENT_UP (DEPARTMENTENTITY_DEPARTMENETID,UP) values ('01','UP_GESTION');
Insert into DEPARTMENT_UP (DEPARTMENTENTITY_DEPARTMENETID,UP) values ('03','UP_ALGO');
Insert into DEPARTMENT_UP (DEPARTMENTENTITY_DEPARTMENETID,UP) values ('03','UP_WEB');
Insert into DEPARTMENT_UP (DEPARTMENTENTITY_DEPARTMENETID,UP) values ('03','UP_JEE_DOTNET');
Insert into DEPARTMENT_UP (DEPARTMENTENTITY_DEPARTMENETID,UP) values ('03','UP_JAVA');
Insert into DEPARTMENT_UP (DEPARTMENTENTITY_DEPARTMENETID,UP) values ('03','UP_GL_BD');

Insert into SEMESTER (SEMESTREID,CODE,ENDDATE,STARTDATE) values ('143','2',to_timestamp('12-MAY-18 12.00.00.000000000 AM','DD-MON-RR HH.MI.SSXFF AM'),to_timestamp('15-JAN-18 12.00.00.000000000 AM','DD-MON-RR HH.MI.SSXFF AM'));
Insert into SEMESTER (SEMESTREID,CODE,ENDDATE,STARTDATE) values ('103','1',to_timestamp('17-DEC-16 12.00.00.000000000 AM','DD-MON-RR HH.MI.SSXFF AM'),to_timestamp('05-SEP-16 12.00.00.000000000 AM','DD-MON-RR HH.MI.SSXFF AM'));
Insert into SEMESTER (SEMESTREID,CODE,ENDDATE,STARTDATE) values ('104','2',to_timestamp('06-MAY-17 12.00.00.000000000 AM','DD-MON-RR HH.MI.SSXFF AM'),to_timestamp('09-JAN-17 12.00.00.000000000 AM','DD-MON-RR HH.MI.SSXFF AM'));
Insert into SEMESTER (SEMESTREID,CODE,ENDDATE,STARTDATE) values ('128','1',to_timestamp('16-DEC-17 12.00.00.000000000 AM','DD-MON-RR HH.MI.SSXFF AM'),to_timestamp('04-SEP-17 12.00.00.000000000 AM','DD-MON-RR HH.MI.SSXFF AM'));
Insert into SEMESTER (SEMESTREID,CODE,ENDDATE,STARTDATE) values ('163','1',to_timestamp('05-JAN-19 12.00.00.000000000 AM','DD-MON-RR HH.MI.SSXFF AM'),to_timestamp('03-SEP-18 12.00.00.000000000 AM','DD-MON-RR HH.MI.SSXFF AM'));

Insert into PERIOD (PERIODID,CODE,ENDDATE,STARTDATE,FK_SEMESTER) values ('142','2',to_timestamp('12-MAY-18 12.00.00.000000000 AM','DD-MON-RR HH.MI.SSXFF AM'),to_timestamp('05-MAR-18 12.00.00.000000000 AM','DD-MON-RR HH.MI.SSXFF AM'),'143');
Insert into PERIOD (PERIODID,CODE,ENDDATE,STARTDATE,FK_SEMESTER) values ('141','1',to_timestamp('03-MAR-18 12.00.00.000000000 AM','DD-MON-RR HH.MI.SSXFF AM'),to_timestamp('15-JAN-18 12.00.00.000000000 AM','DD-MON-RR HH.MI.SSXFF AM'),'143');
Insert into PERIOD (PERIODID,CODE,ENDDATE,STARTDATE,FK_SEMESTER) values ('101','1',to_timestamp('22-OCT-16 12.00.00.000000000 AM','DD-MON-RR HH.MI.SSXFF AM'),to_timestamp('05-SEP-16 12.00.00.000000000 AM','DD-MON-RR HH.MI.SSXFF AM'),'103');
Insert into PERIOD (PERIODID,CODE,ENDDATE,STARTDATE,FK_SEMESTER) values ('102','2',to_timestamp('17-DEC-16 12.00.00.000000000 AM','DD-MON-RR HH.MI.SSXFF AM'),to_timestamp('31-OCT-16 12.00.00.000000000 AM','DD-MON-RR HH.MI.SSXFF AM'),'103');
Insert into PERIOD (PERIODID,CODE,ENDDATE,STARTDATE,FK_SEMESTER) values ('104','2',to_timestamp('06-MAY-17 12.00.00.000000000 AM','DD-MON-RR HH.MI.SSXFF AM'),to_timestamp('06-MAR-17 12.00.00.000000000 AM','DD-MON-RR HH.MI.SSXFF AM'),'104');
Insert into PERIOD (PERIODID,CODE,ENDDATE,STARTDATE,FK_SEMESTER) values ('103','1',to_timestamp('25-FEB-17 12.00.00.000000000 AM','DD-MON-RR HH.MI.SSXFF AM'),to_timestamp('09-JAN-17 12.00.00.000000000 AM','DD-MON-RR HH.MI.SSXFF AM'),'104');
Insert into PERIOD (PERIODID,CODE,ENDDATE,STARTDATE,FK_SEMESTER) values ('124','2',to_timestamp('16-DEC-17 12.00.00.000000000 AM','DD-MON-RR HH.MI.SSXFF AM'),to_timestamp('30-OCT-17 12.00.00.000000000 AM','DD-MON-RR HH.MI.SSXFF AM'),'128');
Insert into PERIOD (PERIODID,CODE,ENDDATE,STARTDATE,FK_SEMESTER) values ('123','1',to_timestamp('28-OCT-17 12.00.00.000000000 AM','DD-MON-RR HH.MI.SSXFF AM'),to_timestamp('04-SEP-17 12.00.00.000000000 AM','DD-MON-RR HH.MI.SSXFF AM'),'128');
Insert into PERIOD (PERIODID,CODE,ENDDATE,STARTDATE,FK_SEMESTER) values ('162','2',to_timestamp('05-JAN-19 12.00.00.000000000 AM','DD-MON-RR HH.MI.SSXFF AM'),to_timestamp('05-NOV-18 12.00.00.000000000 AM','DD-MON-RR HH.MI.SSXFF AM'),'163');
Insert into PERIOD (PERIODID,CODE,ENDDATE,STARTDATE,FK_SEMESTER) values ('161','1',to_timestamp('27-OCT-18 12.00.00.000000000 AM','DD-MON-RR HH.MI.SSXFF AM'),to_timestamp('03-SEP-18 12.00.00.000000000 AM','DD-MON-RR HH.MI.SSXFF AM'),'163');

Insert into SEMAINE (WEEKID,ENDDATE,STARTDATE,FK_PERIOD) values ('997',to_timestamp('12-MAY-18 12.00.00.000000000 AM','DD-MON-RR HH.MI.SSXFF AM'),to_timestamp('07-MAY-18 12.00.00.000000000 AM','DD-MON-RR HH.MI.SSXFF AM'),'142');
Insert into SEMAINE (WEEKID,ENDDATE,STARTDATE,FK_PERIOD) values ('996',to_timestamp('05-MAY-18 12.00.00.000000000 AM','DD-MON-RR HH.MI.SSXFF AM'),to_timestamp('30-APR-18 12.00.00.000000000 AM','DD-MON-RR HH.MI.SSXFF AM'),'142');
Insert into SEMAINE (WEEKID,ENDDATE,STARTDATE,FK_PERIOD) values ('995',to_timestamp('28-APR-18 12.00.00.000000000 AM','DD-MON-RR HH.MI.SSXFF AM'),to_timestamp('23-APR-18 12.00.00.000000000 AM','DD-MON-RR HH.MI.SSXFF AM'),'142');
Insert into SEMAINE (WEEKID,ENDDATE,STARTDATE,FK_PERIOD) values ('994',to_timestamp('21-APR-18 12.00.00.000000000 AM','DD-MON-RR HH.MI.SSXFF AM'),to_timestamp('16-APR-18 12.00.00.000000000 AM','DD-MON-RR HH.MI.SSXFF AM'),'142');
Insert into SEMAINE (WEEKID,ENDDATE,STARTDATE,FK_PERIOD) values ('993',to_timestamp('14-APR-18 12.00.00.000000000 AM','DD-MON-RR HH.MI.SSXFF AM'),to_timestamp('09-APR-18 12.00.00.000000000 AM','DD-MON-RR HH.MI.SSXFF AM'),'142');
Insert into SEMAINE (WEEKID,ENDDATE,STARTDATE,FK_PERIOD) values ('992',to_timestamp('07-APR-18 12.00.00.000000000 AM','DD-MON-RR HH.MI.SSXFF AM'),to_timestamp('02-APR-18 12.00.00.000000000 AM','DD-MON-RR HH.MI.SSXFF AM'),'142');
Insert into SEMAINE (WEEKID,ENDDATE,STARTDATE,FK_PERIOD) values ('989',to_timestamp('17-MAR-18 12.00.00.000000000 AM','DD-MON-RR HH.MI.SSXFF AM'),to_timestamp('12-MAR-18 12.00.00.000000000 AM','DD-MON-RR HH.MI.SSXFF AM'),'142');
Insert into SEMAINE (WEEKID,ENDDATE,STARTDATE,FK_PERIOD) values ('988',to_timestamp('10-MAR-18 12.00.00.000000000 AM','DD-MON-RR HH.MI.SSXFF AM'),to_timestamp('05-MAR-18 12.00.00.000000000 AM','DD-MON-RR HH.MI.SSXFF AM'),'142');
Insert into SEMAINE (WEEKID,ENDDATE,STARTDATE,FK_PERIOD) values ('981',to_timestamp('20-JAN-18 12.00.00.000000000 AM','DD-MON-RR HH.MI.SSXFF AM'),to_timestamp('15-JAN-18 12.00.00.000000000 AM','DD-MON-RR HH.MI.SSXFF AM'),'141');
Insert into SEMAINE (WEEKID,ENDDATE,STARTDATE,FK_PERIOD) values ('982',to_timestamp('27-JAN-18 12.00.00.000000000 AM','DD-MON-RR HH.MI.SSXFF AM'),to_timestamp('22-JAN-18 12.00.00.000000000 AM','DD-MON-RR HH.MI.SSXFF AM'),'141');
Insert into SEMAINE (WEEKID,ENDDATE,STARTDATE,FK_PERIOD) values ('987',to_timestamp('03-MAR-18 12.00.00.000000000 AM','DD-MON-RR HH.MI.SSXFF AM'),to_timestamp('26-FEB-18 12.00.00.000000000 AM','DD-MON-RR HH.MI.SSXFF AM'),'141');
Insert into SEMAINE (WEEKID,ENDDATE,STARTDATE,FK_PERIOD) values ('986',to_timestamp('24-FEB-18 12.00.00.000000000 AM','DD-MON-RR HH.MI.SSXFF AM'),to_timestamp('19-FEB-18 12.00.00.000000000 AM','DD-MON-RR HH.MI.SSXFF AM'),'141');
Insert into SEMAINE (WEEKID,ENDDATE,STARTDATE,FK_PERIOD) values ('985',to_timestamp('17-FEB-18 12.00.00.000000000 AM','DD-MON-RR HH.MI.SSXFF AM'),to_timestamp('12-FEB-18 12.00.00.000000000 AM','DD-MON-RR HH.MI.SSXFF AM'),'141');
Insert into SEMAINE (WEEKID,ENDDATE,STARTDATE,FK_PERIOD) values ('984',to_timestamp('10-FEB-18 12.00.00.000000000 AM','DD-MON-RR HH.MI.SSXFF AM'),to_timestamp('05-FEB-18 12.00.00.000000000 AM','DD-MON-RR HH.MI.SSXFF AM'),'141');
Insert into SEMAINE (WEEKID,ENDDATE,STARTDATE,FK_PERIOD) values ('983',to_timestamp('03-FEB-18 12.00.00.000000000 AM','DD-MON-RR HH.MI.SSXFF AM'),to_timestamp('29-JAN-18 12.00.00.000000000 AM','DD-MON-RR HH.MI.SSXFF AM'),'141');
Insert into SEMAINE (WEEKID,ENDDATE,STARTDATE,FK_PERIOD) values ('901',to_timestamp('10-SEP-16 12.00.00.000000000 AM','DD-MON-RR HH.MI.SSXFF AM'),to_timestamp('05-SEP-16 12.00.00.000000000 AM','DD-MON-RR HH.MI.SSXFF AM'),'101');
Insert into SEMAINE (WEEKID,ENDDATE,STARTDATE,FK_PERIOD) values ('902',to_timestamp('17-SEP-16 12.00.00.000000000 AM','DD-MON-RR HH.MI.SSXFF AM'),to_timestamp('12-SEP-16 12.00.00.000000000 AM','DD-MON-RR HH.MI.SSXFF AM'),'101');
Insert into SEMAINE (WEEKID,ENDDATE,STARTDATE,FK_PERIOD) values ('907',to_timestamp('22-OCT-16 12.00.00.000000000 AM','DD-MON-RR HH.MI.SSXFF AM'),to_timestamp('17-OCT-16 12.00.00.000000000 AM','DD-MON-RR HH.MI.SSXFF AM'),'101');
Insert into SEMAINE (WEEKID,ENDDATE,STARTDATE,FK_PERIOD) values ('906',to_timestamp('15-OCT-16 12.00.00.000000000 AM','DD-MON-RR HH.MI.SSXFF AM'),to_timestamp('10-OCT-16 12.00.00.000000000 AM','DD-MON-RR HH.MI.SSXFF AM'),'101');
Insert into SEMAINE (WEEKID,ENDDATE,STARTDATE,FK_PERIOD) values ('905',to_timestamp('08-OCT-16 12.00.00.000000000 AM','DD-MON-RR HH.MI.SSXFF AM'),to_timestamp('03-OCT-16 12.00.00.000000000 AM','DD-MON-RR HH.MI.SSXFF AM'),'101');
Insert into SEMAINE (WEEKID,ENDDATE,STARTDATE,FK_PERIOD) values ('904',to_timestamp('01-OCT-16 12.00.00.000000000 AM','DD-MON-RR HH.MI.SSXFF AM'),to_timestamp('26-SEP-16 12.00.00.000000000 AM','DD-MON-RR HH.MI.SSXFF AM'),'101');
Insert into SEMAINE (WEEKID,ENDDATE,STARTDATE,FK_PERIOD) values ('903',to_timestamp('24-SEP-16 12.00.00.000000000 AM','DD-MON-RR HH.MI.SSXFF AM'),to_timestamp('19-SEP-16 12.00.00.000000000 AM','DD-MON-RR HH.MI.SSXFF AM'),'101');
Insert into SEMAINE (WEEKID,ENDDATE,STARTDATE,FK_PERIOD) values ('914',to_timestamp('17-DEC-16 12.00.00.000000000 AM','DD-MON-RR HH.MI.SSXFF AM'),to_timestamp('12-DEC-16 12.00.00.000000000 AM','DD-MON-RR HH.MI.SSXFF AM'),'102');
Insert into SEMAINE (WEEKID,ENDDATE,STARTDATE,FK_PERIOD) values ('913',to_timestamp('10-DEC-16 12.00.00.000000000 AM','DD-MON-RR HH.MI.SSXFF AM'),to_timestamp('05-DEC-16 12.00.00.000000000 AM','DD-MON-RR HH.MI.SSXFF AM'),'102');
Insert into SEMAINE (WEEKID,ENDDATE,STARTDATE,FK_PERIOD) values ('912',to_timestamp('03-DEC-16 12.00.00.000000000 AM','DD-MON-RR HH.MI.SSXFF AM'),to_timestamp('28-NOV-16 12.00.00.000000000 AM','DD-MON-RR HH.MI.SSXFF AM'),'102');
Insert into SEMAINE (WEEKID,ENDDATE,STARTDATE,FK_PERIOD) values ('911',to_timestamp('26-NOV-16 12.00.00.000000000 AM','DD-MON-RR HH.MI.SSXFF AM'),to_timestamp('21-NOV-16 12.00.00.000000000 AM','DD-MON-RR HH.MI.SSXFF AM'),'102');
Insert into SEMAINE (WEEKID,ENDDATE,STARTDATE,FK_PERIOD) values ('910',to_timestamp('19-NOV-16 12.00.00.000000000 AM','DD-MON-RR HH.MI.SSXFF AM'),to_timestamp('14-NOV-16 12.00.00.000000000 AM','DD-MON-RR HH.MI.SSXFF AM'),'102');
Insert into SEMAINE (WEEKID,ENDDATE,STARTDATE,FK_PERIOD) values ('908',to_timestamp('05-NOV-16 12.00.00.000000000 AM','DD-MON-RR HH.MI.SSXFF AM'),to_timestamp('31-OCT-16 12.00.00.000000000 AM','DD-MON-RR HH.MI.SSXFF AM'),'102');
Insert into SEMAINE (WEEKID,ENDDATE,STARTDATE,FK_PERIOD) values ('909',to_timestamp('12-NOV-16 12.00.00.000000000 AM','DD-MON-RR HH.MI.SSXFF AM'),to_timestamp('07-NOV-16 12.00.00.000000000 AM','DD-MON-RR HH.MI.SSXFF AM'),'102');
Insert into SEMAINE (WEEKID,ENDDATE,STARTDATE,FK_PERIOD) values ('929',to_timestamp('29-APR-17 12.00.00.000000000 AM','DD-MON-RR HH.MI.SSXFF AM'),to_timestamp('24-APR-17 12.00.00.000000000 AM','DD-MON-RR HH.MI.SSXFF AM'),'104');
Insert into SEMAINE (WEEKID,ENDDATE,STARTDATE,FK_PERIOD) values ('928',to_timestamp('22-APR-17 12.00.00.000000000 AM','DD-MON-RR HH.MI.SSXFF AM'),to_timestamp('17-APR-17 12.00.00.000000000 AM','DD-MON-RR HH.MI.SSXFF AM'),'104');
Insert into SEMAINE (WEEKID,ENDDATE,STARTDATE,FK_PERIOD) values ('927',to_timestamp('15-APR-17 12.00.00.000000000 AM','DD-MON-RR HH.MI.SSXFF AM'),to_timestamp('10-APR-17 12.00.00.000000000 AM','DD-MON-RR HH.MI.SSXFF AM'),'104');
Insert into SEMAINE (WEEKID,ENDDATE,STARTDATE,FK_PERIOD) values ('926',to_timestamp('08-APR-17 12.00.00.000000000 AM','DD-MON-RR HH.MI.SSXFF AM'),to_timestamp('03-APR-17 12.00.00.000000000 AM','DD-MON-RR HH.MI.SSXFF AM'),'104');
Insert into SEMAINE (WEEKID,ENDDATE,STARTDATE,FK_PERIOD) values ('923',to_timestamp('18-MAR-17 12.00.00.000000000 AM','DD-MON-RR HH.MI.SSXFF AM'),to_timestamp('13-MAR-17 12.00.00.000000000 AM','DD-MON-RR HH.MI.SSXFF AM'),'104');
Insert into SEMAINE (WEEKID,ENDDATE,STARTDATE,FK_PERIOD) values ('922',to_timestamp('11-MAR-17 12.00.00.000000000 AM','DD-MON-RR HH.MI.SSXFF AM'),to_timestamp('06-MAR-17 12.00.00.000000000 AM','DD-MON-RR HH.MI.SSXFF AM'),'104');
Insert into SEMAINE (WEEKID,ENDDATE,STARTDATE,FK_PERIOD) values ('930',to_timestamp('06-MAY-17 12.00.00.000000000 AM','DD-MON-RR HH.MI.SSXFF AM'),to_timestamp('01-MAY-17 12.00.00.000000000 AM','DD-MON-RR HH.MI.SSXFF AM'),'104');
Insert into SEMAINE (WEEKID,ENDDATE,STARTDATE,FK_PERIOD) values ('915',to_timestamp('14-JAN-17 12.00.00.000000000 AM','DD-MON-RR HH.MI.SSXFF AM'),to_timestamp('09-JAN-17 12.00.00.000000000 AM','DD-MON-RR HH.MI.SSXFF AM'),'103');
Insert into SEMAINE (WEEKID,ENDDATE,STARTDATE,FK_PERIOD) values ('921',to_timestamp('25-FEB-17 12.00.00.000000000 AM','DD-MON-RR HH.MI.SSXFF AM'),to_timestamp('20-FEB-17 12.00.00.000000000 AM','DD-MON-RR HH.MI.SSXFF AM'),'103');
Insert into SEMAINE (WEEKID,ENDDATE,STARTDATE,FK_PERIOD) values ('920',to_timestamp('18-FEB-17 12.00.00.000000000 AM','DD-MON-RR HH.MI.SSXFF AM'),to_timestamp('13-FEB-17 12.00.00.000000000 AM','DD-MON-RR HH.MI.SSXFF AM'),'103');
Insert into SEMAINE (WEEKID,ENDDATE,STARTDATE,FK_PERIOD) values ('919',to_timestamp('11-FEB-17 12.00.00.000000000 AM','DD-MON-RR HH.MI.SSXFF AM'),to_timestamp('06-FEB-17 12.00.00.000000000 AM','DD-MON-RR HH.MI.SSXFF AM'),'103');
Insert into SEMAINE (WEEKID,ENDDATE,STARTDATE,FK_PERIOD) values ('918',to_timestamp('04-FEB-17 12.00.00.000000000 AM','DD-MON-RR HH.MI.SSXFF AM'),to_timestamp('30-JAN-17 12.00.00.000000000 AM','DD-MON-RR HH.MI.SSXFF AM'),'103');
Insert into SEMAINE (WEEKID,ENDDATE,STARTDATE,FK_PERIOD) values ('916',to_timestamp('21-JAN-17 12.00.00.000000000 AM','DD-MON-RR HH.MI.SSXFF AM'),to_timestamp('16-JAN-17 12.00.00.000000000 AM','DD-MON-RR HH.MI.SSXFF AM'),'103');
Insert into SEMAINE (WEEKID,ENDDATE,STARTDATE,FK_PERIOD) values ('917',to_timestamp('28-JAN-17 12.00.00.000000000 AM','DD-MON-RR HH.MI.SSXFF AM'),to_timestamp('23-JAN-17 12.00.00.000000000 AM','DD-MON-RR HH.MI.SSXFF AM'),'103');
Insert into SEMAINE (WEEKID,ENDDATE,STARTDATE,FK_PERIOD) values ('964',to_timestamp('04-NOV-17 12.00.00.000000000 AM','DD-MON-RR HH.MI.SSXFF AM'),to_timestamp('30-OCT-17 12.00.00.000000000 AM','DD-MON-RR HH.MI.SSXFF AM'),'124');
Insert into SEMAINE (WEEKID,ENDDATE,STARTDATE,FK_PERIOD) values ('965',to_timestamp('11-NOV-17 12.00.00.000000000 AM','DD-MON-RR HH.MI.SSXFF AM'),to_timestamp('06-NOV-17 12.00.00.000000000 AM','DD-MON-RR HH.MI.SSXFF AM'),'124');
Insert into SEMAINE (WEEKID,ENDDATE,STARTDATE,FK_PERIOD) values ('966',to_timestamp('18-NOV-17 12.00.00.000000000 AM','DD-MON-RR HH.MI.SSXFF AM'),to_timestamp('13-NOV-17 12.00.00.000000000 AM','DD-MON-RR HH.MI.SSXFF AM'),'124');
Insert into SEMAINE (WEEKID,ENDDATE,STARTDATE,FK_PERIOD) values ('967',to_timestamp('25-NOV-17 12.00.00.000000000 AM','DD-MON-RR HH.MI.SSXFF AM'),to_timestamp('20-NOV-17 12.00.00.000000000 AM','DD-MON-RR HH.MI.SSXFF AM'),'124');
Insert into SEMAINE (WEEKID,ENDDATE,STARTDATE,FK_PERIOD) values ('968',to_timestamp('02-DEC-17 12.00.00.000000000 AM','DD-MON-RR HH.MI.SSXFF AM'),to_timestamp('27-NOV-17 12.00.00.000000000 AM','DD-MON-RR HH.MI.SSXFF AM'),'124');
Insert into SEMAINE (WEEKID,ENDDATE,STARTDATE,FK_PERIOD) values ('969',to_timestamp('09-DEC-17 12.00.00.000000000 AM','DD-MON-RR HH.MI.SSXFF AM'),to_timestamp('04-DEC-17 12.00.00.000000000 AM','DD-MON-RR HH.MI.SSXFF AM'),'124');
Insert into SEMAINE (WEEKID,ENDDATE,STARTDATE,FK_PERIOD) values ('970',to_timestamp('16-DEC-17 12.00.00.000000000 AM','DD-MON-RR HH.MI.SSXFF AM'),to_timestamp('11-DEC-17 12.00.00.000000000 AM','DD-MON-RR HH.MI.SSXFF AM'),'124');
Insert into SEMAINE (WEEKID,ENDDATE,STARTDATE,FK_PERIOD) values ('958',to_timestamp('23-SEP-17 12.00.00.000000000 AM','DD-MON-RR HH.MI.SSXFF AM'),to_timestamp('18-SEP-17 12.00.00.000000000 AM','DD-MON-RR HH.MI.SSXFF AM'),'123');
Insert into SEMAINE (WEEKID,ENDDATE,STARTDATE,FK_PERIOD) values ('959',to_timestamp('30-SEP-17 12.00.00.000000000 AM','DD-MON-RR HH.MI.SSXFF AM'),to_timestamp('25-SEP-17 12.00.00.000000000 AM','DD-MON-RR HH.MI.SSXFF AM'),'123');
Insert into SEMAINE (WEEKID,ENDDATE,STARTDATE,FK_PERIOD) values ('960',to_timestamp('07-OCT-17 12.00.00.000000000 AM','DD-MON-RR HH.MI.SSXFF AM'),to_timestamp('02-OCT-17 12.00.00.000000000 AM','DD-MON-RR HH.MI.SSXFF AM'),'123');
Insert into SEMAINE (WEEKID,ENDDATE,STARTDATE,FK_PERIOD) values ('961',to_timestamp('14-OCT-17 12.00.00.000000000 AM','DD-MON-RR HH.MI.SSXFF AM'),to_timestamp('09-OCT-17 12.00.00.000000000 AM','DD-MON-RR HH.MI.SSXFF AM'),'123');
Insert into SEMAINE (WEEKID,ENDDATE,STARTDATE,FK_PERIOD) values ('962',to_timestamp('21-OCT-17 12.00.00.000000000 AM','DD-MON-RR HH.MI.SSXFF AM'),to_timestamp('16-OCT-17 12.00.00.000000000 AM','DD-MON-RR HH.MI.SSXFF AM'),'123');
Insert into SEMAINE (WEEKID,ENDDATE,STARTDATE,FK_PERIOD) values ('963',to_timestamp('28-OCT-17 12.00.00.000000000 AM','DD-MON-RR HH.MI.SSXFF AM'),to_timestamp('23-OCT-17 12.00.00.000000000 AM','DD-MON-RR HH.MI.SSXFF AM'),'123');
Insert into SEMAINE (WEEKID,ENDDATE,STARTDATE,FK_PERIOD) values ('956',to_timestamp('09-SEP-17 12.00.00.000000000 AM','DD-MON-RR HH.MI.SSXFF AM'),to_timestamp('04-SEP-17 12.00.00.000000000 AM','DD-MON-RR HH.MI.SSXFF AM'),'123');
Insert into SEMAINE (WEEKID,ENDDATE,STARTDATE,FK_PERIOD) values ('957',to_timestamp('16-SEP-17 12.00.00.000000000 AM','DD-MON-RR HH.MI.SSXFF AM'),to_timestamp('11-SEP-17 12.00.00.000000000 AM','DD-MON-RR HH.MI.SSXFF AM'),'123');
Insert into SEMAINE (WEEKID,ENDDATE,STARTDATE,FK_PERIOD) values ('1015',to_timestamp('15-DEC-18 12.00.00.000000000 AM','DD-MON-RR HH.MI.SSXFF AM'),to_timestamp('10-DEC-18 12.00.00.000000000 AM','DD-MON-RR HH.MI.SSXFF AM'),'162');
Insert into SEMAINE (WEEKID,ENDDATE,STARTDATE,FK_PERIOD) values ('1018',to_timestamp('05-JAN-19 12.00.00.000000000 AM','DD-MON-RR HH.MI.SSXFF AM'),to_timestamp('31-DEC-18 12.00.00.000000000 AM','DD-MON-RR HH.MI.SSXFF AM'),'162');
Insert into SEMAINE (WEEKID,ENDDATE,STARTDATE,FK_PERIOD) values ('1014',to_timestamp('08-DEC-18 12.00.00.000000000 AM','DD-MON-RR HH.MI.SSXFF AM'),to_timestamp('03-DEC-18 12.00.00.000000000 AM','DD-MON-RR HH.MI.SSXFF AM'),'162');
Insert into SEMAINE (WEEKID,ENDDATE,STARTDATE,FK_PERIOD) values ('1013',to_timestamp('01-DEC-18 12.00.00.000000000 AM','DD-MON-RR HH.MI.SSXFF AM'),to_timestamp('26-NOV-18 12.00.00.000000000 AM','DD-MON-RR HH.MI.SSXFF AM'),'162');
Insert into SEMAINE (WEEKID,ENDDATE,STARTDATE,FK_PERIOD) values ('1012',to_timestamp('24-NOV-18 12.00.00.000000000 AM','DD-MON-RR HH.MI.SSXFF AM'),to_timestamp('19-NOV-18 12.00.00.000000000 AM','DD-MON-RR HH.MI.SSXFF AM'),'162');
Insert into SEMAINE (WEEKID,ENDDATE,STARTDATE,FK_PERIOD) values ('1011',to_timestamp('17-NOV-18 12.00.00.000000000 AM','DD-MON-RR HH.MI.SSXFF AM'),to_timestamp('12-NOV-18 12.00.00.000000000 AM','DD-MON-RR HH.MI.SSXFF AM'),'162');
Insert into SEMAINE (WEEKID,ENDDATE,STARTDATE,FK_PERIOD) values ('1010',to_timestamp('10-NOV-18 12.00.00.000000000 AM','DD-MON-RR HH.MI.SSXFF AM'),to_timestamp('05-NOV-18 12.00.00.000000000 AM','DD-MON-RR HH.MI.SSXFF AM'),'162');
Insert into SEMAINE (WEEKID,ENDDATE,STARTDATE,FK_PERIOD) values ('1004',to_timestamp('29-SEP-18 12.00.00.000000000 AM','DD-MON-RR HH.MI.SSXFF AM'),to_timestamp('24-SEP-18 12.00.00.000000000 AM','DD-MON-RR HH.MI.SSXFF AM'),'161');
Insert into SEMAINE (WEEKID,ENDDATE,STARTDATE,FK_PERIOD) values ('1003',to_timestamp('22-SEP-18 12.00.00.000000000 AM','DD-MON-RR HH.MI.SSXFF AM'),to_timestamp('17-SEP-18 12.00.00.000000000 AM','DD-MON-RR HH.MI.SSXFF AM'),'161');
Insert into SEMAINE (WEEKID,ENDDATE,STARTDATE,FK_PERIOD) values ('1009',to_timestamp('03-NOV-18 12.00.00.000000000 AM','DD-MON-RR HH.MI.SSXFF AM'),to_timestamp('29-OCT-18 12.00.00.000000000 AM','DD-MON-RR HH.MI.SSXFF AM'),'161');
Insert into SEMAINE (WEEKID,ENDDATE,STARTDATE,FK_PERIOD) values ('1008',to_timestamp('27-OCT-18 12.00.00.000000000 AM','DD-MON-RR HH.MI.SSXFF AM'),to_timestamp('22-OCT-18 12.00.00.000000000 AM','DD-MON-RR HH.MI.SSXFF AM'),'161');
Insert into SEMAINE (WEEKID,ENDDATE,STARTDATE,FK_PERIOD) values ('1007',to_timestamp('20-OCT-18 12.00.00.000000000 AM','DD-MON-RR HH.MI.SSXFF AM'),to_timestamp('15-OCT-18 12.00.00.000000000 AM','DD-MON-RR HH.MI.SSXFF AM'),'161');
Insert into SEMAINE (WEEKID,ENDDATE,STARTDATE,FK_PERIOD) values ('1006',to_timestamp('13-OCT-18 12.00.00.000000000 AM','DD-MON-RR HH.MI.SSXFF AM'),to_timestamp('08-OCT-18 12.00.00.000000000 AM','DD-MON-RR HH.MI.SSXFF AM'),'161');
Insert into SEMAINE (WEEKID,ENDDATE,STARTDATE,FK_PERIOD) values ('1005',to_timestamp('06-OCT-18 12.00.00.000000000 AM','DD-MON-RR HH.MI.SSXFF AM'),to_timestamp('01-OCT-18 12.00.00.000000000 AM','DD-MON-RR HH.MI.SSXFF AM'),'161');
Insert into SEMAINE (WEEKID,ENDDATE,STARTDATE,FK_PERIOD) values ('1002',to_timestamp('15-SEP-18 12.00.00.000000000 AM','DD-MON-RR HH.MI.SSXFF AM'),to_timestamp('10-SEP-18 12.00.00.000000000 AM','DD-MON-RR HH.MI.SSXFF AM'),'161');
Insert into SEMAINE (WEEKID,ENDDATE,STARTDATE,FK_PERIOD) values ('1001',to_timestamp('08-SEP-18 12.00.00.000000000 AM','DD-MON-RR HH.MI.SSXFF AM'),to_timestamp('03-SEP-18 12.00.00.000000000 AM','DD-MON-RR HH.MI.SSXFF AM'),'161');

Insert into SEANCE (SEANCEID,ENDHOUR,STARTHOUR) values ('S4',1530,1400);
Insert into SEANCE (SEANCEID,ENDHOUR,STARTHOUR) values ('S3C',1315,1200);
Insert into SEANCE (SEANCEID,ENDHOUR,STARTHOUR) values ('S1CS2C',1145,830);
Insert into SEANCE (SEANCEID,ENDHOUR,STARTHOUR) values ('S3',1345,1230);
Insert into SEANCE (SEANCEID,ENDHOUR,STARTHOUR) values ('S5',1715,1545);
Insert into SEANCE (SEANCEID,ENDHOUR,STARTHOUR) values ('S1',1030,900);
Insert into SEANCE (SEANCEID,ENDHOUR,STARTHOUR) values ('S2',1215,1045);
Insert into SEANCE (SEANCEID,ENDHOUR,STARTHOUR) values ('S1S2',1215,900);
Insert into SEANCE (SEANCEID,ENDHOUR,STARTHOUR) values ('S4S5',1715,1400);
Insert into SEANCE (SEANCEID,ENDHOUR,STARTHOUR) values ('S2C',1145,1015);
Insert into SEANCE (SEANCEID,ENDHOUR,STARTHOUR) values ('S4C',1500,1330);
Insert into SEANCE (SEANCEID,ENDHOUR,STARTHOUR) values ('S5C',1645,1515);
Insert into SEANCE (SEANCEID,ENDHOUR,STARTHOUR) values ('S4CS5C',1645,1330);
Insert into SEANCE (SEANCEID,ENDHOUR,STARTHOUR) values ('S1C',1000,830);

Insert into DEV_USER.ESP_ENSEIGNANT (TEACHERID,EMAIL,FULLNAME,PHONE,UP,FK_DEPARTMENENT,FK_SURVEILLANCE_TEACHER) values ('a1','a1@gmail.com','a1','20234874','UP_JAVA','03',null);
Insert into DEV_USER.ESP_ENSEIGNANT (TEACHERID,EMAIL,FULLNAME,PHONE,UP,FK_DEPARTMENENT,FK_SURVEILLANCE_TEACHER) values ('a2','a2@gmail.com','a2','20234874','UP_JAVA','03',null);
Insert into DEV_USER.ESP_ENSEIGNANT (TEACHERID,EMAIL,FULLNAME,PHONE,UP,FK_DEPARTMENENT,FK_SURVEILLANCE_TEACHER) values ('a3','a3@gmail.com','a3','20234874','UP_WEB','03',null);

Insert into DEV_USER.SALLE (CLASSROOMID,BLOC,CAPACITY,LABEL,POLE,FK_SURVEILLANCE_ROOM) values ('s2','A',30,'s2','G',null);
Insert into DEV_USER.SALLE (CLASSROOMID,BLOC,CAPACITY,LABEL,POLE,FK_SURVEILLANCE_ROOM) values ('s1','A',30,'s1','G',null);
Insert into DEV_USER.SALLE (CLASSROOMID,BLOC,CAPACITY,LABEL,POLE,FK_SURVEILLANCE_ROOM) values ('s3','B',28,'s3','G',null);

Insert into DEV_USER.DISPONIBILITY (DISPONIBILITYID,ENDDATE,ENDHOUR,MOTIF,STARTDATE,STARTHOUR,FK_ROOM,FK_TEACHER) values ('0edf8c93-48db-42a6-a241-6ae508c4240e',to_timestamp('25-JAN-21 01.00.00.000000000 AM','DD-MON-RR HH.MI.SSXFF AM'),1200,'Maladie',to_timestamp('25-JAN-21 01.00.00.000000000 AM','DD-MON-RR HH.MI.SSXFF AM'),800,null,'a1');
Insert into DEV_USER.DISPONIBILITY (DISPONIBILITYID,ENDDATE,ENDHOUR,MOTIF,STARTDATE,STARTHOUR,FK_ROOM,FK_TEACHER) values ('1406e9b1-e748-4ba0-84e7-d98a3b7a2e52',to_timestamp('25-JAN-21 01.00.00.000000000 AM','DD-MON-RR HH.MI.SSXFF AM'),1800,'Formation',to_timestamp('25-JAN-21 01.00.00.000000000 AM','DD-MON-RR HH.MI.SSXFF AM'),1400,null,'a1');
Insert into DEV_USER.DISPONIBILITY (DISPONIBILITYID,ENDDATE,ENDHOUR,MOTIF,STARTDATE,STARTHOUR,FK_ROOM,FK_TEACHER) values ('dfd01cbb-9321-48f3-b5b0-afd798a9b7ac',to_timestamp('29-JAN-21 01.00.00.000000000 AM','DD-MON-RR HH.MI.SSXFF AM'),1600,'Formation',to_timestamp('28-JAN-21 01.00.00.000000000 AM','DD-MON-RR HH.MI.SSXFF AM'),1200,null,'a2');
Insert into DEV_USER.DISPONIBILITY (DISPONIBILITYID,ENDDATE,ENDHOUR,MOTIF,STARTDATE,STARTHOUR,FK_ROOM,FK_TEACHER) values ('4a3032ff-5d5b-47cd-adb9-0fa414841288',to_timestamp('27-JAN-21 01.00.00.000000000 AM','DD-MON-RR HH.MI.SSXFF AM'),1000,'Rénuion',to_timestamp('27-JAN-21 01.00.00.000000000 AM','DD-MON-RR HH.MI.SSXFF AM'),900,null,'a3');
Insert into DEV_USER.DISPONIBILITY (DISPONIBILITYID,ENDDATE,ENDHOUR,MOTIF,STARTDATE,STARTHOUR,FK_ROOM,FK_TEACHER) values ('65c483ef-f738-49cd-8a8c-975f99ec7d46',to_timestamp('25-JAN-21 01.00.00.000000000 AM','DD-MON-RR HH.MI.SSXFF AM'),900,'Formation',to_timestamp('25-JAN-21 01.00.00.000000000 AM','DD-MON-RR HH.MI.SSXFF AM'),800,'s2',null);
Insert into DEV_USER.DISPONIBILITY (DISPONIBILITYID,ENDDATE,ENDHOUR,MOTIF,STARTDATE,STARTHOUR,FK_ROOM,FK_TEACHER) values ('653d1b9b-45d6-41ee-aa7a-f77e55d1cca0',to_timestamp('26-JAN-21 01.00.00.000000000 AM','DD-MON-RR HH.MI.SSXFF AM'),900,'Formation',to_timestamp('26-JAN-21 01.00.00.000000000 AM','DD-MON-RR HH.MI.SSXFF AM'),800,'s2',null);
Insert into DEV_USER.DISPONIBILITY (DISPONIBILITYID,ENDDATE,ENDHOUR,MOTIF,STARTDATE,STARTHOUR,FK_ROOM,FK_TEACHER) values ('c5590096-81c4-4faf-acda-aba662cd2705',to_timestamp('27-JAN-21 01.00.00.000000000 AM','DD-MON-RR HH.MI.SSXFF AM'),1800,'Renuion',to_timestamp('27-JAN-21 01.00.00.000000000 AM','DD-MON-RR HH.MI.SSXFF AM'),1200,'s1',null);
Insert into DEV_USER.DISPONIBILITY (DISPONIBILITYID,ENDDATE,ENDHOUR,MOTIF,STARTDATE,STARTHOUR,FK_ROOM,FK_TEACHER) values ('7f0c0f5a-70ac-465a-a710-70a2bb2842e8',to_timestamp('29-JAN-21 01.00.00.000000000 AM','DD-MON-RR HH.MI.SSXFF AM'),1600,'Formation',to_timestamp('29-JAN-21 01.00.00.000000000 AM','DD-MON-RR HH.MI.SSXFF AM'),800,'s3',null);

Insert into DEV_USER.CLASSE (CLASSID,CATEGORY,EMAIL,EXAMDATE,EXAMDURATION,EXAMHOUR,LABEL,NBRSTUDENTS,FK_MODULE,FK_SPECIALITY) values ('4SIM2','4SIM','esprit1819-4SIM2@esprit.tn',null,0,0,'Classe 4ieme année informatique mobile',20,null,'01');
Insert into DEV_USER.CLASSE (CLASSID,CATEGORY,EMAIL,EXAMDATE,EXAMDURATION,EXAMHOUR,LABEL,NBRSTUDENTS,FK_MODULE,FK_SPECIALITY) values ('4SIM3','4SIM','esprit1819-4SIM2@esprit.tn',null,0,0,'Classe 3ieme année informatique mobile',30,null,'01');
Insert into DEV_USER.CLASSE (CLASSID,CATEGORY,EMAIL,EXAMDATE,EXAMDURATION,EXAMHOUR,LABEL,NBRSTUDENTS,FK_MODULE,FK_SPECIALITY) values ('4SIM','4SIM','esprit1819-4SIM4@esprit.tn',null,0,0,'Classe 4ieme année informatique mobile',32,null,'01');

Insert into DEV_USER.ESP_MODULE (MODULEID,DESIGNATION) values ('AlgoA','Algorithme');

Insert into DEV_USER.ESP_MODULE_CLASS (ASSIGNID,COEFFICIENT,NBRHOUR,TYPEEXAM,FK_CLASS,FK_MODULE,FK_PERIOD,FK_SEMESTER) values ('a0a86ca4-eed2-43fe-b341-aecbd5f708c5',3,20,'Écrit','4SIM2','AlgoA','101','103');

Insert into DEV_USER.ESP_MODULE_CLASS_ENSEIGNANT (FK_ASSIGN_CLASS,FK_TEACHER) values ('a0a86ca4-eed2-43fe-b341-aecbd5f708c5','a1');

